game_id,season,type,date_time,away_team_id,home_team_id,away_goals,home_goals,venue,venue_link
2012030321,20122013,Postseason,6/1/13,26,16,1,2,Gillette Stadium,/api/v1/venues/null
2012030322,20122013,Postseason,6/3/13,26,16,2,2,Gillette Stadium,/api/v1/venues/null
2012030323,20122013,Postseason,6/5/13,16,26,1,3,Nippert Stadium,/api/v1/venues/null
2012030324,20122013,Postseason,6/7/13,16,26,3,2,Nippert Stadium,/api/v1/venues/null
2012030325,20122013,Postseason,6/9/13,26,16,3,2,Gillette Stadium,/api/v1/venues/null
2016030171,20162017,Postseason,4/14/17,20,24,2,3,Rio Tinto Stadium,/api/v1/venues/null
2016030172,20162017,Postseason,4/16/17,20,24,2,3,Rio Tinto Stadium,/api/v1/venues/null
2016030173,20162017,Postseason,4/18/17,24,20,3,2,BMO Field,/api/v1/venues/null
2016030174,20162017,Postseason,4/20/17,24,20,3,1,BMO Field,/api/v1/venues/null
2014030411,20142015,Postseason,6/4/15,16,14,2,1,Audi Field,/api/v1/venues/null
2014030412,20142015,Postseason,6/6/15,16,14,3,2,Audi Field,/api/v1/venues/null
2014030413,20142015,Postseason,6/9/15,14,16,3,2,Gillette Stadium,/api/v1/venues/null
2014030414,20142015,Postseason,6/11/15,14,16,1,2,Gillette Stadium,/api/v1/venues/null
2014030415,20142015,Postseason,6/14/15,16,14,2,1,Audi Field,/api/v1/venues/null
2014030416,20142015,Postseason,6/16/15,14,16,0,2,Gillette Stadium,/api/v1/venues/null
2015030141,20152016,Postseason,4/14/16,3,5,2,3,Children's Mercy Park,/api/v1/venues/null
2015030142,20152016,Postseason,4/16/16,3,5,2,2,Children's Mercy Park,/api/v1/venues/null
2015030143,20152016,Postseason,4/19/16,5,3,3,1,BBVA Stadium,/api/v1/venues/null
2015030144,20152016,Postseason,4/21/16,5,3,3,0,BBVA Stadium,/api/v1/venues/null
2015030145,20152016,Postseason,4/23/16,3,5,3,4,Children's Mercy Park,/api/v1/venues/null
2015030181,20152016,Postseason,4/15/16,28,26,2,3,Nippert Stadium,/api/v1/venues/null